<annotation>
    <folder>VOC_resized_trash_pics_new</folder>
    <filename>935619_IMG_3809.jpeg</filename>
    <source>
        <database>Supervisely Project ID:295780</database>
        <annotation>PASCAL VOC</annotation>
        <image>Supervisely Image ID:337077684</image>
    </source>
    <size>
        <width>320</width>
        <height>320</height>
        <depth>3</depth>
    </size>
    <segmented>1</segmented>
    <object>
        <name>Other</name>
        <pose>Unspecified</pose>
        <truncated>0</truncated>
        <difficult>0</difficult>
        <bndbox>
            <xmin>127</xmin>
            <ymin>116</ymin>
            <xmax>229</xmax>
            <ymax>211</ymax>
        </bndbox>
    </object>
</annotation>
