<annotation>
    <folder>VOC_resized_trash_pics_new</folder>
    <filename>935619_IMG_3872.jpeg</filename>
    <source>
        <database>Supervisely Project ID:295780</database>
        <annotation>PASCAL VOC</annotation>
        <image>Supervisely Image ID:337077740</image>
    </source>
    <size>
        <width>320</width>
        <height>320</height>
        <depth>3</depth>
    </size>
    <segmented>1</segmented>
    <object>
        <name>Metal</name>
        <pose>Unspecified</pose>
        <truncated>0</truncated>
        <difficult>0</difficult>
        <bndbox>
            <xmin>100</xmin>
            <ymin>81</ymin>
            <xmax>198</xmax>
            <ymax>232</ymax>
        </bndbox>
    </object>
</annotation>
