<annotation>
    <folder>VOC_resized_trash_pics_new</folder>
    <filename>935619_20240325_013614.jpg</filename>
    <source>
        <database>Supervisely Project ID:295780</database>
        <annotation>PASCAL VOC</annotation>
        <image>Supervisely Image ID:337077967</image>
    </source>
    <size>
        <width>320</width>
        <height>320</height>
        <depth>3</depth>
    </size>
    <segmented>1</segmented>
    <object>
        <name>Plastic</name>
        <pose>Unspecified</pose>
        <truncated>0</truncated>
        <difficult>0</difficult>
        <bndbox>
            <xmin>110</xmin>
            <ymin>3</ymin>
            <xmax>208</xmax>
            <ymax>304</ymax>
        </bndbox>
    </object>
</annotation>
