<annotation>
    <folder>VOC_resized_trash_pics_new</folder>
    <filename>935619_20240327_234239.jpg</filename>
    <source>
        <database>Supervisely Project ID:295780</database>
        <annotation>PASCAL VOC</annotation>
        <image>Supervisely Image ID:337078274</image>
    </source>
    <size>
        <width>320</width>
        <height>320</height>
        <depth>3</depth>
    </size>
    <segmented>1</segmented>
    <object>
        <name>Plastic</name>
        <pose>Unspecified</pose>
        <truncated>0</truncated>
        <difficult>0</difficult>
        <bndbox>
            <xmin>51</xmin>
            <ymin>5</ymin>
            <xmax>203</xmax>
            <ymax>291</ymax>
        </bndbox>
    </object>
    <object>
        <name>Plastic</name>
        <pose>Unspecified</pose>
        <truncated>0</truncated>
        <difficult>0</difficult>
        <bndbox>
            <xmin>204</xmin>
            <ymin>207</ymin>
            <xmax>302</xmax>
            <ymax>277</ymax>
        </bndbox>
    </object>
</annotation>
