<annotation>
    <folder>VOC_resized_trash_pics_new</folder>
    <filename>935619_20240327_233925.jpg</filename>
    <source>
        <database>Supervisely Project ID:295780</database>
        <annotation>PASCAL VOC</annotation>
        <image>Supervisely Image ID:337078258</image>
    </source>
    <size>
        <width>320</width>
        <height>320</height>
        <depth>3</depth>
    </size>
    <segmented>1</segmented>
    <object>
        <name>Glass</name>
        <pose>Unspecified</pose>
        <truncated>0</truncated>
        <difficult>0</difficult>
        <bndbox>
            <xmin>224</xmin>
            <ymin>27</ymin>
            <xmax>311</xmax>
            <ymax>229</ymax>
        </bndbox>
    </object>
    <object>
        <name>Glass</name>
        <pose>Unspecified</pose>
        <truncated>0</truncated>
        <difficult>0</difficult>
        <bndbox>
            <xmin>145</xmin>
            <ymin>32</ymin>
            <xmax>220</xmax>
            <ymax>218</ymax>
        </bndbox>
    </object>
    <object>
        <name>Glass</name>
        <pose>Unspecified</pose>
        <truncated>0</truncated>
        <difficult>0</difficult>
        <bndbox>
            <xmin>4</xmin>
            <ymin>74</ymin>
            <xmax>111</xmax>
            <ymax>303</ymax>
        </bndbox>
    </object>
</annotation>
