<annotation>
    <folder>VOC_resized_trash_pics_new</folder>
    <filename>935619_20240327_233414.jpg</filename>
    <source>
        <database>Supervisely Project ID:295780</database>
        <annotation>PASCAL VOC</annotation>
        <image>Supervisely Image ID:337078234</image>
    </source>
    <size>
        <width>320</width>
        <height>320</height>
        <depth>3</depth>
    </size>
    <segmented>1</segmented>
    <object>
        <name>Glass</name>
        <pose>Unspecified</pose>
        <truncated>0</truncated>
        <difficult>0</difficult>
        <bndbox>
            <xmin>70</xmin>
            <ymin>49</ymin>
            <xmax>167</xmax>
            <ymax>319</ymax>
        </bndbox>
    </object>
    <object>
        <name>Glass</name>
        <pose>Unspecified</pose>
        <truncated>0</truncated>
        <difficult>0</difficult>
        <bndbox>
            <xmin>176</xmin>
            <ymin>14</ymin>
            <xmax>284</xmax>
            <ymax>281</ymax>
        </bndbox>
    </object>
</annotation>
