<annotation>
    <folder>VOC_resized_trash_pics_new</folder>
    <filename>935619_20240327_233637.jpg</filename>
    <source>
        <database>Supervisely Project ID:295780</database>
        <annotation>PASCAL VOC</annotation>
        <image>Supervisely Image ID:337078247</image>
    </source>
    <size>
        <width>320</width>
        <height>320</height>
        <depth>3</depth>
    </size>
    <segmented>1</segmented>
    <object>
        <name>Glass</name>
        <pose>Unspecified</pose>
        <truncated>0</truncated>
        <difficult>0</difficult>
        <bndbox>
            <xmin>76</xmin>
            <ymin>49</ymin>
            <xmax>171</xmax>
            <ymax>313</ymax>
        </bndbox>
    </object>
    <object>
        <name>Glass</name>
        <pose>Unspecified</pose>
        <truncated>0</truncated>
        <difficult>0</difficult>
        <bndbox>
            <xmin>167</xmin>
            <ymin>59</ymin>
            <xmax>253</xmax>
            <ymax>238</ymax>
        </bndbox>
    </object>
</annotation>
